LA CAIDA DE LOS GIGANTES;FOLLETT,KEN;2020;88
RINA DE GATOS. MADRID 1936;MENDOZA, EDUARDO;2020;109
EL CEMENTERIO DE PRAGA;ECO,UMBERTO;2020;145
EL SUENO DEL CELTA;VARGAS LLOSA, MARIO;2020;162
EL TIEMPO ENTRE COSTURAS;MARIA DUENAS VINUESA;2019;119
ORTOGRAFIA DE LA LENGUA ESPANOLA;REAL ACADEMIA ESPANOLA;2020;174
SUNSET PARK;AUSTER, PAUL;2020;93
DIAS DE GLORIA, LOS (SURT 23-11-2010);CONDE, MARIO;2020;121
QUINTO VIAJE AL REINO DE LA FANTASIA;STILTON,GERONIMO;2020;100
SE LO QUE ESTAS PENSANDO;VERDON, JOHN;2020;165
DIME QUIEN SOY;NAVARRO,JULIA;2020;181
MALDITO KARMA;SAFIER, DAVID;2019;190
INES Y LA ALEGRIA;GRANDES HERNANDEZ, ALMUDENA;2020;136
TACO CALENDARIO S.C. 2011;AA.VV.;2020;161
MARIA LA BRAVA;PILAR EYRE;2020;154
AGENDA DE LAS MUJERES 2011;VV. AA;2020;165
EL PRINCIPITO;SAINT-EXUPERY, ANTOINE DE;2019;139
EL TIEMPO MIENTRAS TANTO;AMORAGA,CARMEN;2020;90
EL GRAN DISENO;HAWKING, STEPHEN;2020;128
TENGO GANAS DE TI;MOCCIA, FEDERICO;2020;86
TRES METROS SOBRE EL CIELO;MOCCIA,FEDERICO;2018;92
EL SECRETO;BYRNE, RHONDA;2017;171
CALENDARIO ZARAGOZANO 2011;CASTILLO Y OCSIERO, MARIANO;2020;119
PODER,EL(SEGUNDA PARTE DEL SECRETO);BYNE,RHONDA;2020;129
PACK AGENDA 2011 EL TIEMPO ENTRE COSTURAS;DUENAS, MARIA;2020;141
CON EL CORAZON EN LA MANO;CLEAVE, CHRIS;2020;139
LO QUE ME QUEDA POR VIVIR;ELVIRA LINDO;2020;96
GUINNESS WORLD RECORDS 2011;GUINNESS;2020;155
A TRES METROS SOBRE EL CIELO;FEDERICO MOCCIA;2018;172
PRINCESA DE LOS HIELOS;STILTON, TEA;2020;88
EL ASEDIO;PEREZ-REVERTE GUTIERREZ, ARTURO;2020;142
DIARIO DE GREG 1  UN PRINGAO TOTAL;KINNEY, JEFF;2019;81
EN EL REINO DE LA FANTASIA;STILTON, GERONIMO;2016;181
LA BIBLIOTECA DE LOS MUERTOS;COOPER,GLENN;2020;181
LO QUE SE DE LOS HOMBRECILLOS;JUAN JOSE MILLAS;2020;126
PERDONA PERO QUIERO CASARME CONTIGO;FEDERICO MOCCIA;2020;145
TENGO GANAS DE TI;MOCCIA, FEDERICO;2019;82
LUZ DEL MUNDO;BENEDICTO XVI;2020;105
VIAJE A LAS EMOCIONES;EDUARDO PUNSET;2020;109
EL PAIS DE LAS MUJERES;GIOCONDA BELLI;2020;126
INVITACION A UN ASESINATO;POSADAS, CARMEN;2020;90
CONTRA EL VIENTO DEL NORTE;GLATTAUER, DANIEL;2020;176
DIVAS REBELDES;MORATO,CRISTINA;2020;135
KIKA SUPERBRUJA Y EL VIAJE A MANDOLAN;KNISTER;2020;81
LA CAIDA DE GIGANTES;FOLLETT,KEN;2020;158
AVENTURA EN NUEVA YORK;TEA STILTON;2020;117
EL JARDIN OLVIDADO;MORTON, KATE;2020;80
SUKKWAN ISLAND;VANN, DAVID;2020;84
NIEVE EN OTONO;NEMIROVSKY, IRENE;2020;102
LA MECANICA DEL CORAZON;MALZIEU,MATHIAS;2019;161
ASI NACEN LAS COSAS;CAPELLA,JULI;2020;110
LA COCINA DE MANOLITA Y MARCELINO;A.A.V.V.;2020;118
ADIOS, FAIRY OAK;GNONE, ELISABETTA;2020;128
LUNARIO 2011;GROS, MICHEL;2020;151
PERDONA SI TE LLAMO AMOR;FEDERICO MOCCIA;2018;118
PERDONA SI TE LLAMO AMOR;FEDERICO MOCCIA;2019;200
DIARIO DE GREG 3  ESTO ES EL COLMO;KINNEY, JEFF;2020;158
NUEVE DRAGONES;CONNELLY, MICHAEL;2020;199
BOB ESPONJA. HISTORIAS DE FONDO DE BIKINI;V.V.A.A.;2020;93
LA COCINA DE LA SALUD;VALENTIN FUSTER;2020;140
